All unique variations,Normalized
Atlanta,Atlanta
Beverly Hills/Westwood,Beverly Hills/Westwood
Boston,Boston
Brentwood/Santa Monica/ Palisades/ Malibu,Brentwood/Santa Monica/Palisades/Malibu
Brentwood/Santa Monica/Palisades/Malibu,Brentwood/Santa Monica/Palisades/Malibu
Brookline/Newton,Brookline/Newton
Brooklyn Heights/Downtown Brooklyn,Brooklyn Heights/Downtown Brooklyn
Buena Vista Park / Ashbury Heights,Buena Vista Park/Ashbury Heights
Cambridge/Somerville,Cambridge/Somerville
Central,Central
Central Austin,Central Austin
Chelsea,Chelsea
City - Loop,City - Loop
City-Loop,City - Loop
City - Northside (Lincoln Park / Lakeview),City - Northside (Lincoln Park/Lakeview)
City - Northside (Lincoln Park/Lakeview),City - Northside (Lincoln Park/Lakeview)
City-Northside (Lincoln Park/Lakeview),City - Northside (Lincoln Park/Lakeview)
City - Northwest / Central,City - Northwest/Central
City - Northwest/Central,City - Northwest/Central
City-Northwest/Central,City - Northwest/Central
Cobble Hill/Boerum Hill,Cobble Hill/Boerum Hill
Cobble Hill/Boerun Hill,Cobble Hill/Boerum Hill
"Downtown Seattle (Capital Hill, Madrona, Queen Ann, etc.)",Downtown Seattle (Capital Hill/Madrona/Queen Ann/etc.)
Downtown Seattle (Capital Hill/ Madrona/ Queen Ann/ etc.),Downtown Seattle (Capital Hill/Madrona/Queen Ann/etc.)
Downtown Seattle (Capital Hill/Madrona/Queen Ann/etc.),Downtown Seattle (Capital Hill/Madrona/Queen Ann/etc.)
East,East
East Austin,East Austin
East of Caldecott Tunnel,East of Caldecott Tunnel
"East Side (Bellevue, Issaquah, Redmond, etc.)",East Side (Bellevue/Issaquah/Redmond/etc.)
East Side (Bellevue/ Issaquah/ Redmond/ etc.),East Side (Bellevue/Issaquah/Redmond/etc.)
East Side (Bellevue/Issaquah/Redmond/etc.),East Side (Bellevue/Issaquah/Redmond/etc.)
Excelsior/Glen Park/Bernal,Excelsior/Glen Park/Bernal
CT,CT
Fairfield County,CT
"Fairfield County, CT",CT
Flatiron,Flatiron
Fort Greene,Fort Greene
Fort Lauderdale,Fort Lauderdale
Galleria & West,Galleria & West
GMT (Western European Time / Greenwich Mean Time: London),GMT (Western European Time / Greenwich Mean Time: London)
"GMT+1 (Central European Time: Berlin, Madrid, Paris, Rome)",GMT+1 (Central European Time: Berlin/Madrid/Paris/Rome)
GMT+1 (Central European Time: Berlin/ Madrid/ Paris/ Rome),GMT+1 (Central European Time: Berlin/Madrid/Paris/Rome)
GMT+1 (Central European Time: Berlin/Madrid/Paris/Rome),GMT+1 (Central European Time: Berlin/Madrid/Paris/Rome)
GMT+10 (Australian Eastern Standard Time: Melbourne/ Sydney),GMT+10 (Australian Eastern Standard Time: Melbourne/ Sydney)
GMT+12 (New Zealand Standard Time: Auckland),GMT+12 (New Zealand Standard Time: Auckland)
GMT+2 (Israel Standard Time: Jerusalem),GMT+2 (Israel Standard Time: Jerusalem)
GMT+3 (Moscow Standard Time / Turkey Time / East Africa Time: Istanbul/ Moscow/ Nairobi),"GMT+3 (Moscow Standard Time/Turkey Time/East Africa Time: Istanbul, Moscow, Nairobi)"
"GMT +3 (Moscow Standard Time/Turkey Time/East Africa Time: Istanbul, Moscow, Nairobi)","GMT+3 (Moscow Standard Time/Turkey Time/East Africa Time: Istanbul, Moscow, Nairobi)"
GMT+4 (UAE Standard Time: Dubai),GMT+4 (UAE Standard Time: Dubai)
GMT+5:30 (Indian Standard Time: Mumbai),GMT+5:30 (Indian Standard Time: Mumbai)
GMT+7 (Indochina Time: Bangkok),GMT+7 (Indochina Time: Bangkok)
"GMT+8 (Hong Kong Time / China Taiwan Time / Singapore Standard Time: Hong Kong, Shanghai, Singapore)",GMT+8 (Hong Kong Time / China Taiwan Time / Singapore Standard Time: Hong Kong/Shanghai/Singapore)
GMT+8 (Hong Kong Time / China Taiwan Time / Singapore Standard Time: Hong Kong/ Shanghai/ Singapore),GMT+8 (Hong Kong Time / China Taiwan Time / Singapore Standard Time: Hong Kong/Shanghai/Singapore)
GMT+8 (Hong Kong Time / China Taiwan Time / Singapore Standard Time: Hong Kong/Shanghai/Singapore),GMT+8 (Hong Kong Time / China Taiwan Time / Singapore Standard Time: Hong Kong/Shanghai/Singapore)
GMT+9 (Japan Standard Time: Tokyo),GMT+9 (Japan Standard Time: Tokyo)
GMT-3 (Brasilia Time: São Paulo),GMT-3 (Brasilia Time: Sao Paulo)
GMT-3 (Brasilia Time: Sao Paulo),GMT-3 (Brasilia Time: Sao Paulo)
GMT-4 (Atlantic Standard Time: San Juan),GMT-4 (Atlantic Standard Time: San Juan)
"GMT-5 (Eastern Standard Time: Boston, Montreal, New York City, Toronto, Washingon DC)",GMT-5 (Eastern Standard Time: Boston/Montreal/New York City/Toronto/Washington/D.C.)
"GMT-5 (Eastern Standard Time: Boston, Montreal, New York City, Toronto, Washington DC)",GMT-5 (Eastern Standard Time: Boston/Montreal/New York City/Toronto/Washington/D.C.)
"GMT-5 (Eastern Standard Time: Boston, Montreal, New York City, Toronto, Washington, D.C.)",GMT-5 (Eastern Standard Time: Boston/Montreal/New York City/Toronto/Washington/D.C.)
GMT-5 (Eastern Standard Time: Boston/ Montreal/ New York City/ Toronto/ Washington/ DC),GMT-5 (Eastern Standard Time: Boston/Montreal/New York City/Toronto/Washington/D.C.)
GMT-5 (Eastern Standard Time: Boston/Montreal/New York City/Toronto/Washington/D.C.),GMT-5 (Eastern Standard Time: Boston/Montreal/New York City/Toronto/Washington/D.C.)
GMT-5 (Eastern Standard Time: Boston/Montreal/New York City/Toronto/Washington/DC),GMT-5 (Eastern Standard Time: Boston/Montreal/New York City/Toronto/Washington/D.C.)
GMT-6 (Central Standard Time),GMT-6 (Central Standard Time: Austin/Chicago/Houston/Mexico City)
"GMT-6 (Central Standard Time: Austin, Chicago, Houston, Mexico City)",GMT-6 (Central Standard Time: Austin/Chicago/Houston/Mexico City)
"GMT-6 (Central Standard Time: Austin, Cicago, Houston, Mexico City)",GMT-6 (Central Standard Time: Austin/Chicago/Houston/Mexico City)
GMT-6 (Central Standard Time: Austin/ Chicago/ Houston/ Mexico City),GMT-6 (Central Standard Time: Austin/Chicago/Houston/Mexico City)
GMT-6 (Central Standard Time: Austin/Chicago/Houston/Mexico City),GMT-6 (Central Standard Time: Austin/Chicago/Houston/Mexico City)
GMT-7 (Mountain Standard Time),GMT-7 (Mountain Standard Time: Denver/Phoenix)
"GMT-7 (Mountain Standard Time: Denver, Phoenix)",GMT-7 (Mountain Standard Time: Denver/Phoenix)
GMT-7 (Mountain Standard Time: Denver/ Phoenix),GMT-7 (Mountain Standard Time: Denver/Phoenix)
GMT-7 (Mountain Standard Time: Denver/Phoenix),GMT-7 (Mountain Standard Time: Denver/Phoenix)
GMT-8 (Pacific Standard Time),GMT-8 (Pacific Standard Time: Los Angeles/San Diego/San Francisco/Seattle)
"GMT-8 (Pacific Standard Time: Los Angeles, San Diego, San Francisco, Seattle)",GMT-8 (Pacific Standard Time: Los Angeles/San Diego/San Francisco/Seattle)
"GMT-8 (Pacific Standard Time: Los Angeles, San diego, San Francisco, Seattle)",GMT-8 (Pacific Standard Time: Los Angeles/San Diego/San Francisco/Seattle)
"GMT-8 (Pacific Standard Time: Los Angeles, San Dieog, San Francisco, Seattle)",GMT-8 (Pacific Standard Time: Los Angeles/San Diego/San Francisco/Seattle)
GMT-8 (Pacific Standard Time: Los Angeles/ San Diego/ San Francisco/ Seattle),GMT-8 (Pacific Standard Time: Los Angeles/San Diego/San Francisco/Seattle)
GMT-8 (Pacific Standard Time: Los Angeles/San Diego/San Francisco/Seattle),GMT-8 (Pacific Standard Time: Los Angeles/San Diego/San Francisco/Seattle)
Gramercy,Gramercy
Hayes/Napa/Haight,Hayes/Nopa/Haight
Hayes/Nopa/Haight,Hayes/Nopa/Haight
Kips Bay/Murray Hill,Kips Bay/Murray Hill
Los Altos Hills,Los Altos Hills
Marin,Marin
Menlo Park,Menlo Park
Mexico City,Mexico City
Miami,Miami
Mid City/Mid Wilshire,Mid City/Mid Wilshire
Mid Market/SoMa,Mid Market/SoMa
Mid Market/SOMA,Mid Market/SoMa
Mid-Peninsula,Mid-Peninsula
Midtown East,Midtown East
Midtown West,Midtown West
Mission Bay/Potrero,Mission Bay/Potrero
Montgomery County MD,Montgomery County MD
Montrose/River Oaks/Heights,Montrose/River Oaks/Heights
Mountain View / Los Altos,Mountain View/Los Altos
Mountain View/Los Altos,Mountain View/Los Altos
n/a (Meeting online only),n/a (Meeting online only)
n/a Meeting online only,n/a (Meeting online only)
Nairobi,Nairobi
Napa/Sonoma,Napa/Sonoma
Noe/Mission/Castro,Noe/Mission/Castro
North,North
North Austin/Cedar Park/Leander/Round Rock,North Austin/Cedar Park/Leander/Round Rock
North of Boston,North of Boston
"North of Downtown Seattle (University District, Green Lake, Ballard, etc.)",North of Downtown Seattle (University District/Green Lake/Ballard/etc.)
North of Downtown Seattle (University District/ Green Lake/ Ballard/ etc.),North of Downtown Seattle (University District/Green Lake/Ballard/etc.)
North of Downtown Seattle (University District/Green Lake/Ballard/etc.),North of Downtown Seattle (University District/Green Lake/Ballard/etc.)
North Shore Suburbs,North Shore Suburbs
Northern VA,Northern VA
Northwest DC,Northwest DC
Northwest of Boston (e.g. Belmont/Lexington/Concord),Northwest of Boston (e.g. Belmont/Lexington/Concord)
Pac Heights/Marina,Presidio/Marina/Pacific Heights
Presidio/Marina/Pacific Heights,Presidio/Marina/Pacific Heights
Palm Beach,Palm Beach
Palo Alto,Palo Alto
Park Slope/Prospect Heights,Park Slope/Prospect Heights
Pasadena/Burbank/Glendale,Pasadena/Burbank/Glendale
Playa Vista/Marina Del Rey/Culver City,Playa Vista/Marina Del Rey/Culver City
Queens,Queens
Redwood City / San Carlos,Redwood City/San Carlos
Redwood City/San Carlos,Redwood City/San Carlos
Redwood Shores,Redwood Shores
Richmond/Sunset,Richmond/Sunset
Russian Hill/Nob Hill/North Beach,Russian Hill/Nob Hill/North Beach
San Diego,San Diego
San Francisco,San Francisco
San Mateo,San Mateo
Sao Paulo,Sao Paulo
Shanghai,Shanghai
Singapore,Singapore
South Austin/Circle C,South Austin/Circle C
South Bay,South Bay
South Florida,South Florida
South of Boston,South of Boston
South of Downtown Seattle (Mt Baker/ West Seattle/ Columbia City/ etc.),South of Downtown Seattle (Mt Baker/ West Seattle/ Columbia City/ etc.)
Southeast,Southeast
Southern Manhattan,Southern Manhattan
Southwest,Southwest
Sunnyvale,Sunnyvale
The Valley (E of 405),The Valley (E of 405)
Tribeca,Tribeca
Tel Aviv,Tel Aviv
Toronto,Toronto
United Arab Emirates,United Arab Emirates
Upper East Side,Upper East Side
Upper West Side,Upper West Side
Varies,Varies
West,West
West Austin/Westlake/Bee Cave,West Austin/Westlake/Bee Cave
West Boston (e.g. Needham/Wellesley/Natick),West of Boston (e.g. Needham/Wellesley/Natick)
West of Boston (e.g. Needham/Wellesley/Natick),West of Boston (e.g. Needham/Wellesley/Natick)
West of Caldecott Tunnel,West of Caldecott Tunnel
West Palm Beach,West Palm Beach
West University/Bellaire,West University/Bellaire
West Valley (W of 405),West Valley (W of 405)
West Village,West Village
Westchester,Westchester
Westlake/Barton Creek/Bee Cave/Lakeway,Westlake/Barton Creek/Bee Cave/Lakeway
Williamsburg,Williamsburg
